No.,CompanyName,Company Name (CN),Country,Sector,Industrygroup,Industry,Total number of EN report,Total number of CN report,ESG or CSR report homepage,2020_EN Report,2020_CN Report,2021_EN Report,2021_CN Report,2022_EN Report,2022_CN Report,2023_EN Report,2023_CN Report,2024_EN Report,2024_CN Report,Person in charge,
1,Lenovo,联想,China,Information Technology,Technology Hardware & Equipment,"Technology hardware, storage & peripherals industry",5,5,环境、社会及管治报告 | 联想 (lenovo.com),FY2020-lenovo-sustainability-report.pdf,1-4章 (lenovo.com),FY2021-lenovo-sustainability-report.pdf,FY2021-lenovo-sustainability-report.pdf,FY2022-lenovo-sustainability-report.pdf,FY2022-lenovo-sustainability-report.pdf,FY2023-lenovo-sustainability-report.pdf,FY2023-lenovo-sustainability-report.pdf,Lenovo FY 2023/24 ESG Report,FY2024-lenovo-sustainability-report.pdf,Cai Chenhao,
2,Xiaomi,小米,China,Information Technology,Technology Hardware & Equipment,"Technology hardware, storage & peripherals industry",4,4,可持续发展 (mi.com),412216ea-c5b5-4f22-ad1a-8e464a7478c6 (mi.com),Annual_Reoprt_2020_CHN_Online (mi.com),2021 ESG Report ENG.pdf (gcs-web.com),2021 ESG Report CHN.pdf (gcs-web.com),Xiaomi Corp 2022 ESG Report.pdf (mi-img.com),2022年度小米集团ESG报告简体中文版.pdf (mi-img.com),"Xiaomi 2023 Environmental, Social, and Governance Report.pdf (mi-img.com)",小米集团2023年环境、社会及管治报告.pdf (mi-img.com),,,Cai Chenhao,
3,Samsung,三星电子,Korea,Information Technology,Technology Hardware & Equipment,"Technology hardware, storage & peripherals industry",5,0,Sustainability Reports │ Financial Information │ Investor Relations │ Samsung Global |,sustainability_report_2020_en.pdf (samsung.com),,sustainability_report_2021_en.pdf (samsung.com),,sustainability_report_2022_en.pdf (samsung.com),,sustainability_report_2023_en-1.pdf (samsung.com),,Samsung_Electronics_Sustainability_Report_2024_ENG.pdf,,Cai Chenhao,
4,ZTE,中兴,China,Information Technology,Technology Hardware & Equipment,"Technology hardware, storage & peripherals industry",0,1,CSR报告 (zte.com.cn),,zte.com.cn/content/dam/zte-site/res-www-zte-com-cn/mediares/zte/files/pdf/csr/cn/202105191132CN.pdf,,中兴通讯股份有限公司 2021年可持续发展报告 (zte.com.cn),,,,zte.com.cn/content/dam/zte-site/res-www-zte-com-cn/white_paper/CSR_2023_CN.pdf,,,Cai Chenhao,22和20年的只有链接，但是暂时打不开
5,ASUS,华硕,China,Information Technology,Technology Hardware & Equipment,"Technology hardware, storage & peripherals industry",2,0,"Sustainability Report | Resource | ASUS ESG website, ASUS ESG goal",,,,,ASUS_Detailed_2022_EN.pdf,,ASUS_Detailed_2023_EN.pdf,,,,Cai Chenhao,
6,Acer,宏,China,Information Technology,Technology Hardware & Equipment,"Technology hardware, storage & peripherals industry",4,4,蟾及C下d-ACER ESG,2020_Acer_CR_Report.pdf,2020_Acer_CR_Report_zh.pdf,2021_Acer_Sustainability_Report.pdf,2021_Acer_Sustainability_Report_zh.pdf,2022_Acer_Sustainability_Report.pdf,2022_Acer_Sustainability_Report_zh.pdf,2023_Acer_Sustainability_Report.pdf,2023_Acer_Sustainability_Report_zh.pdf,,,Cai Chenhao,
7,HP,惠普,USA,Information Technology,Technology Hardware & Equipment,"Technology hardware, storage & peripherals industry",4,1,Sustainable Impact Reports (hp.com),HP 2020 Sustainability Impact Report,,2021 HP Sustainable Impact Report,,c08636600.pdf (hp.com),,Sustainable Impact Report 2023 (hp.com),可持续发展报告 执行 2023 (hp.com),,,Cai Chenhao,
8,Dell,戴尔,USA,Information Technology,Technology Hardware & Equipment,"Technology hardware, storage & peripherals industry",5,3,ESG Reports | Dell USA,delltechnologies-fy20-progress-made-real-report.pdf,,Striving to create a positive and lasting impact on humankind and the planet (delltechnologies.com),努力为人类和地球带来 积极和持久的影响 (delltechnologies.com),"FY22 Environmental, Social and Governance Report (delltechnologies.com)",2022 财年环境、社会和治理报告 (delltechnologies.com),"FY23 Environmental, Social and Governance Report (delltechnologies.com)",时不我待 (delltechnologies.com),delltechnologies-fy24-esg-report.pdf,,Cai Chenhao,
9,Nokia,诺基亚,Finland,Information Technology,Technology Hardware & Equipment,"Technology hardware, storage & peripherals industry",4,0,Sustainability downloads | Nokia,Nokia_People_and_Planet_Report_2020.pdf,,nokia-people-and-planet-2021-sustainability-report.pdf,,nokia-people-and-planet-2022-sustainability-report.pdf,,nokia_people_and_planet-2023.pdf,,,,Cai Chenhao,
10,Western Digital,西部数据,USA,Information Technology,Technology Hardware & Equipment,"Technology hardware, storage & peripherals industry",4,0,Resource Center | Western Digital,Sustainability Report 2020 (westerndigital.com),,western-digital-FY2021-sustainability-report.pdf (westerndigital.com),,Western Digital Sustainability Report FY2022,,western-digital-FY2023-sustainability-report.pdf (westerndigital.com),,,,Cai Chenhao,
11,Cisco,思科,USA,Information Technology,Technology Hardware & Equipment,"Technology hardware, storage & peripherals industry",2,0,Cisco ESG Reporting Hub,,,,,2022 Cisco Purpose Report,,Cisco FY23 Purpose Report,,,,Cai Chenhao,
12,Accton,智邦,China,Information Technology,Technology Hardware & Equipment,"Technology hardware, storage & peripherals industry",4,0,Sustainability Reports and Documents C Accton Technology,Accton_2020_CSR_Eng.pdf,,AcctonCSR2021.pdf,,AcctonESG2022.pdf,,Accton-2023ESG-EN_resize.pdf,,,,Cai Chenhao,
13,Ericsson,爱立信,Sweden,Information Technology,Technology Hardware & Equipment,"Technology hardware, storage & peripherals industry",4,0,SCR Reports and related and publications archive - Ericsson,https://www.ericsson.com/492da5/assets/local/about-ericsson/sustainability-and-corporate-responsibility/documents/2021/ericsson-sustainability-and-corporate-responsibility-report-2020_eng.pdf,,https://www.ericsson.com/492fee/assets/local/about-ericsson/sustainability-and-corporate-responsibility/documents/2022/ericsson-sustainability-and-corporate-responsibility-report-2021_eng.pdf,,https://www.ericsson.com/49587c/assets/local/investors/documents/2022/sustainability-and-corporate-responsibility-report-2022-en.pdf,,sustainability-and-corporate-responsibility-report-2023-en.pdf (ericsson.com),,,,Cai Chenhao,
14,Wistron,伟创,China,Information Technology,Technology Hardware & Equipment,"Technology hardware, storage & peripherals industry",4,0,Sustainability Reports and Documents-Wistron ESG,2020SustainabilityReportEN.pdf (wistron.com),,2021SustainabilityReportEN.pdf (wistron.com),,2022SustainabilityReportEN.pdf (wistron.com),,2023SustainabilityReportEN.pdf (wistron.com),,,,Cai Chenhao,
15,Pegatron,和硕,China,Information Technology,Technology Hardware & Equipment,"Technology hardware, storage & peripherals industry",4,3,Stakeholder Communications & Sustainability Report - Sustainability - PEGATRON 和T合科技 (pegatroncorp.com),2020CSR0819coverEN (pegatroncorp.com),2020CSR0721原t理SC (pegatroncorp.com),2021CSR0801P於蟾CEO的ENcover (pegatroncorp.com),2021CSR0425P於蟾CEO的TC (pegatroncorp.com),741d2c2fcfe4922ed1d5175efefc69ed.pdf (pegatroncorp.com),a02b1977b7c2e1c753917388f40b36a6.pdf (pegatroncorp.com),PowerPoint  (pegatroncorp.com),,,,Cai Chenhao,
16,BOE,京东方,China,Information Technology,"Electronic Equipment, Instruments & Components",Electronic Equipment & Instruments ,4,4,社会责任-京东方官网 (boe.com),BOE2020-social-responsibility-report-en.pdf,2020年度京东方企业社会责任报告.pdf (boe.com.cn),BOE2021-social-responsibility-report-en.pdf,2021年度京东方企业社会责任报告.pdf (boe.com.cn),BOE2022-sustainability-report-en.pdf,2022年度京东方可持续发展报告.pdf (boe.com.cn),BOE2023-sustainability-report-en.pdf,2023年度京东方可持续发展报告.pdf (boe.com.cn),,,Cai Chenhao,
17,LGD,LG显示,Korea,Information Technology,"Electronic Equipment, Instruments & Components",Electronic Equipment & Instruments ,5,3,LG????? (lgdisplay.com),downloadTest (lgdisplay.com),downloadTest (lgdisplay.com),downloadTest (lgdisplay.com),downloadTest (lgdisplay.com),LGD_CSR_report_2022_eng.pdf (lgdisplay.com),LGD_CSR_report_2022_chn.pdf (lgdisplay.com),LGD_ESG_report_2023_eng.pdf (lgdisplay.com),,LGD_ESG_report_2024_eng (lgdisplay.com),,Cai Chenhao,
18,AUO,友达,China,Information Technology,"Electronic Equipment, Instruments & Components",Electronic Equipment & Instruments ,4,3,下d中心 - 友_光企I永m任 (auo.com),2020-auo-csr-report,2020-auo-csr-report,2021-esg-report (auo.com),,2022-esg-report (auo.com),2022-esg-report (auo.com),2023-esg-report (auo.com),2023-esg-report (auo.com),,,Cai Chenhao,
19,Innolux,群创,China,Information Technology,"Electronic Equipment, Instruments & Components",Electronic Equipment & Instruments ,4,3,CSR Report Download｜Innolux Corporation,2020_INX_CSR-en06f_0390ab.pdf (innolux.com),2020_INX_CSR-cn06f_0357ec.pdf (innolux.com),Innolux 2021ESG Report-EN_f_189497.pdf,Innolux 2021ESG Report-CN_f1_5454f2.pdf,2022_INX ESG REPORT_ EN（修正版）_41235c.pdf (innolux.com),2022_INX ESG REPORT_CN(修正版)_404566.pdf (innolux.com),INNOLUX 2023 ESG Report e-book EN_793909.pdf,,,,Cai Chenhao,
20,TCL,华星,China,Information Technology,"Electronic Equipment, Instruments & Components",Electronic Equipment & Instruments ,3,3,社会责任 (tcl.com),,,https://www.tcl.com/content/dam/brandsite/region/china/pdf/tclcsr2021en.pdf,https://www.tcl.com/content/dam/brandsite/region/china/pdf/tclcn0523.pdf,https://www.tcl.com/content/dam/brandsite/region/china/pdf/2022tcl0628eng.pdf,https://www.tcl.com/content/dam/brandsite/region/china/pdf/2022tcl0628cn.pdf,https://www.tcl.com/content/dam/brandsite/region/china/pdf/2024/tcl-csr-en-2023.pdf,https://www.tcl.com/content/dam/brandsite/region/china/pdf/2024/tcl-csr-cn-2023.pdf,,,Cai Chenhao,
21,Jabil,捷普,USA,Information Technology,"Electronic Equipment, Instruments & Components",Electronic Equipment & Instruments ,3,0,Jabil's 2023 Sustainability Report | Jabil,,,jabil.com/dam/jcr:2c5159fc-c5cf-4362-bd88-61ed8ae26c7f/Jabil FY21 Sustainability Report_Updated.pdf,,jabil-fy22-sustainability-report.pdf,,jabil-fiscal-year-2023-sustainability-report.pdf,,,,Cai Chenhao,
22,Amphenol,安费诺,USA,Information Technology,"Electronic Equipment, Instruments & Components",Electronic Equipment & Instruments ,4,0,"Environmental, Social and Governance | Amphenol",2020-sustainability-report (amphenol.com),,Amphenol 2021 Sustainability Report,,Amphenol 2022 Sustainability Report,,sustainability-report (amphenol.com),,,,Cai Chenhao,
23,TEC,泰科,Switzerland,Information Technology,"Electronic Equipment, Instruments & Components",Electronic Equipment & Instruments ,3,0,Disclosures | Corporate Responsibility | TE Connectivity,,,TEConnectivityCorporateResponsibilityReport2021.pdf,,TEConnectivityCorporateResponsibilityReport2022.pdf,,TEConnectivityCorporateResponsibilityReport2023.pdf,,,,Cai Chenhao,
24,Murata,村田制作所,Japan,Information Technology,"Electronic Equipment, Instruments & Components",Electronic Equipment & Instruments ,4,4,"Murata Value Report (Integrated report) Archives | Murata value report (Integrated report) | IR Library | Murata Manufacturing Co., Ltd.",murata-value-report-2020.ashx,muratavaluereport2020.ashx,murata-value-report2021-e.ashx,murata-value-report2021-c.ashx,Murata value report 2022 Full version A4 e,Murata value report 2022 Full version A4 c,Murata value report 2023 Full version A4 e (PDF: 9.83MB),Murata value report 2023 Full version A4 c,,,Cai Chenhao,
25,Corning,康宁,USA,Information Technology,"Electronic Equipment, Instruments & Components",Electronic Equipment & Instruments ,2,0,Sustainability | Sustainable Goals and Innovation | Corning,,,,,Corning Sustainability Report 2022,,Corning Sustainability Report 2023,,,,Cai Chenhao,
26,Microsoft,微软,USA,Information Technology,Software & Services,System Software,4,1,https://www.microsoft.com/en-us/corporate-responsibility/sustainability/report,https://query.prod.cms.rt.microsoft.com/cms/api/am/binary/RWyG1q,,https://query.prod.cms.rt.microsoft.com/cms/api/am/binary/RE4RwfV,,https://query.prod.cms.rt.microsoft.com/cms/api/am/binary/RW15mgm,https://query.prod.cms.rt.microsoft.com/cms/api/am/binary/RW15OJP,,,https://query.prod.cms.rt.microsoft.com/cms/api/am/binary/RW1lMjE#page=1,,Dai Yifan,24年的报告包含了23年，只有22年有中文版
27,IBM,国际商业机器,USA,Information Technology,Software & Services,System Software,4,0,https://www.ibm.com/impact/reports-and-policies,https://www.ibm.com/downloads/cas/JNZRAYDK,,https://www.ibm.com/downloads/cas/5VR4LRDQ,,https://www.ibm.com/downloads/cas/BOPNXX18,,https://www.ibm.com/downloads/cas/QVXD7VDO,,,,Dai Yifan,
28,Oracle,甲骨文,USA,Information Technology,Software & Services,System Software,2,0,https://www.oracle.com/social-impact/data-hub/,https://www.oracle.com/a/ocom/docs/corporate/citizenship/ccr2020-report.pdf,,,,https://www.oracle.com/a/ocom/docs/social-impact-report-2022.pdf,,,,,,Dai Yifan,
29,SAP,思爱普,Germany,Information Technology,Software & Services,System Software,4,0,https://www.sap.com/investors/en/reports.html?sort=latest_desc&tab=reports&tag=investor-relations:financial-reports/integrated-report,https://www.sap.com/investors/en/reports.html?sort=latest_desc&tab=reports&tag=investor-relations%3Afinancial-reports%2Fintegrated-report&pdf-asset=82fad7fb-d17d-0010-87a3-c30de2ffd8ff&page=1,,https://www.sap.com/investors/en/reports.html?sort=latest_desc&tab=reports&tag=investor-relations%3Afinancial-reports%2Fintegrated-report&pdf-asset=903be721-1b7e-0010-bca6-c68f7e60039b&page=1,,https://www.sap.com/investors/en/reports.html?sort=latest_desc&tab=reports&tag=investor-relations%3Afinancial-reports%2Fintegrated-report&pdf-asset=8230868e-647e-0010-bca6-c68f7e60039b&page=1,,https://www.sap.com/investors/en/reports.html?sort=latest_desc&tab=reports&tag=investor-relations%3Afinancial-reports%2Fintegrated-report&pdf-asset=5234b263-ad7e-0010-bca6-c68f7e60039b&page=1,,,,Dai Yifan,
30,Salesforce,赛富时,USA,Information Technology,Software & Services,System Software,5,0,https://www.salesforce.com/company/esg-and-impact/reports-policies/,https://www.salesforce.com/content/dam/web/en_us/www/documents/white-papers/FY20-stakeholder-impact-report.pdf,,https://www.salesforce.com/content/dam/web/en_us/www/documents/white-papers/FY21-stakeholder-impact-report.pdf,,https://www.salesforce.com/content/dam/web/en_us/www/documents/white-papers/fy22-stakeholder-impact-report.pdf,,https://www.salesforce.com/content/dam/web/en_us/www/documents/white-papers/fy23-stakeholder-impact-report.pdf,,https://a.sfdcstatic.com/assets/prod/documents/white-papers/salesforce-fy24-stakeholder-impact-report.pdf,,Dai Yifan,
31,HUAWEI,华为,China,Information Technology,Software & Services,System Software,0,4,https://consumer.huawei.com/cn/sustainability/sustainability-report/,,https://consumer.huawei.com/content/dam/huawei-cbg-site/greate-china/cn/mkt/campaign/ceo-letter/new/imgs/repo/pdf/%E5%8D%8E%E4%B8%BA%E6%B6%88%E8%B4%B9%E8%80%85-%E5%8F%AF%E6%8C%81%E7%BB%AD%E5%8F%91%E5%B1%95%E8%BF%9B%E5%B1%95%E6%8A%A5%E5%91%8A2020.pdf,,https://consumer.huawei.com/content/dam/huawei-cbg-site/greate-china/cn/mkt/campaign/ceo-letter/new/imgs/repo/pdf/%E5%8D%8E%E4%B8%BA%E6%B6%88%E8%B4%B9%E8%80%85%E4%B8%9A%E5%8A%A1%E5%8F%AF%E6%8C%81%E7%BB%AD%E5%8F%91%E5%B1%95%E6%8A%A5%E5%91%8A%EF%BC%882020-2021%EF%BC%89.pdf,,https://consumer.huawei.com/content/dam/huawei-cbg-site/greate-china/cn/mkt/campaign/ceo-letter/new/imgs/repo/pdf/%E5%8D%8E%E4%B8%BA%E7%BB%88%E7%AB%AF%E5%8F%AF%E6%8C%81%E7%BB%AD%E5%8F%91%E5%B1%95%E6%8A%A5%E5%91%8A%EF%BC%882021-2022%EF%BC%89.pdf,,https://consumer.huawei.com/content/dam/huawei-cbg-site/greate-china/cn/mkt/campaign/ceo-letter/new/imgs/repo/pdf/%E5%8D%8E%E4%B8%BA%E7%BB%88%E7%AB%AF%E5%8F%AF%E6%8C%81%E7%BB%AD%E5%8F%91%E5%B1%95%E6%8A%A5%E5%91%8A%EF%BC%882022-2023%EF%BC%89.pdf,,,Dai Yifan,
32,BAIDU,百度,China,Information Technology,Software & Services,Internet Services & Infrastructure,0,4,https://esg.baidu.com/pubinformation.html#lnbg,,"https://esg.baidu.com/Uploads/File/2023/12/21/Baidu_2020_Environmental,_Social_and_Governance_Report.20231221113836.pdf",,,,https://esg.baidu.com/Uploads/File/2023/12/21/%E7%99%BE%E5%BA%A62022%E5%B9%B4%E7%8E%AF%E5%A2%83%E3%80%81%E7%A4%BE%E4%BC%9A%E5%8F%8A%E7%AE%A1%E6%B2%BB%EF%BC%88ESG%EF%BC%89%E6%8A%A5%E5%91%8A.20231221114044.pdf,,https://esg.baidu.com/Uploads/File/2024/05/17/%E7%99%BE%E5%BA%A62023%E5%B9%B4%E7%8E%AF%E5%A2%83%E3%80%81%E7%A4%BE%E4%BC%9A%E5%8F%8A%E7%AE%A1%E6%B2%BB%EF%BC%88ESG%EF%BC%89%E6%8A%A5%E5%91%8A.20240517150419.pdf,,,Dai Yifan,
33,Adobe,奥多比,USA,Information Technology,Software & Services,Application Software,4,0,https://www.adobe.com/corporate-responsibility/corporate-responsibility-reports.html,https://www.adobe.com/content/dam/cc/en/corporate-responsibility/pdfs/Adobe-CSR-Report-2020.pdf,,https://www.adobe.com/content/dam/cc/en/corporate-responsibility/pdfs/Adobe-CSR-Report-2021.pdf,,https://www.adobe.com/content/dam/cc/en/corporate-responsibility/pdfs/Adobe-CSR-Report-2022.pdf,,https://www.adobe.com/content/dam/cc/en/corporate-responsibility/pdfs/Adobe-CSR-Report-2023.pdf,,,,Dai Yifan,
34,ServiceNow,ServiceNow,USA,Information Technology,Software & Services,System Software,4,0,https://www.servicenow.com/company/global-impact.html#esgsolutions,,,https://www.servicenow.com/content/dam/servicenow-assets/public/en-us/doc-type/other-document/servicenow-global-impact-report-2021.pdf,,https://www.servicenow.com/standard/other-documents/servicenow-global-impact-report-2022.html,,https://www.servicenow.com/standard/other-documents/servicenow-global-impact-report-2023.html,,https://www.servicenow.com/standard/other-documents/servicenow-global-impact-report-2024.html,,Dai Yifan,
35,Kingdee International Software Group,金蝶国际软件集团,China,Information Technology,Software & Services,Application Software,4,4,https://www.kingdee.com/esg,https://kingdeecms-1323668410.cos.ap-guangzhou.myqcloud.com/u/cms/www/202307/31191819kqse.pdf,https://kingdeecms-1323668410.cos.ap-guangzhou.myqcloud.com/u/cms/www/202307/31191819kqse.pdf,https://kingdeecms-1323668410.cos.ap-guangzhou.myqcloud.com/u/cms/www/202307/31191859orb9.pdf,https://kingdeecms-1323668410.cos.ap-guangzhou.myqcloud.com/u/cms/www/202307/31191859orb9.pdf,https://kingdeecms-1323668410.cos.ap-guangzhou.myqcloud.com/u/cms/www/202307/31192026wm3m.pdf,https://kingdeecms-1323668410.cos.ap-guangzhou.myqcloud.com/u/cms/www/202307/31192026wm3m.pdf,https://kingdeecms-1323668410.cos.ap-guangzhou.myqcloud.com/u/cms/www/202307/31192026wm3m.pdf,https://kingdeecms-1323668410.cos.ap-guangzhou.myqcloud.com/u/cms/www/202407/18190945g8pm.pdf,,,Dai Yifan,
36,Tencent,腾讯,China,Information Technology,Software & Services,Internet Services & Infrastructure,4,4,https://www.tencent.com/en-us/esg/esg-reports.html,https://static.www.tencent.com/uploads/2022/02/11/8145567c7560456eec481d512d4429c8.pdf,https://static.www.tencent.com/uploads/2022/02/11/4b55f4dc9f0a349f8d01fd8026721715.pdf,https://static.www.tencent.com/uploads/2022/04/19/e4114e693e75636c18e8170735ed50c6.pdf,https://static.www.tencent.com/uploads/2022/04/16/56e61654efa69f7503f997520a8f2766.pdf,https://static.www.tencent.com/uploads/2023/04/06/2efdae398c746523320cbb7660e5fafa.pdf,https://static.www.tencent.com/uploads/2023/04/06/0ca1d679732b1d0a1ca971521da66311.pdf,https://www.tencent.com/en-us/esg/esg-reports.html,https://static.www.tencent.com/uploads/2024/05/29/64c2c411b5694a79bbd8ef4db73d6e57.pdf,,,Dai Yifan,
37,Yonyou Network Technology,用友,China,Information Technology,Software & Services,System Software,3,4,https://www.yonyou.com/esg/,,https://mkfs.yybip.com/static/file/yonyou/esg/%E7%94%A8%E5%8F%8B%E7%BD%91%E7%BB%9C2020%E5%B9%B4%E5%BA%A6%E7%A4%BE%E4%BC%9A%E8%B4%A3%E4%BB%BB%E6%8A%A5%E5%91%8A.pdf,https://mkfs.yybip.com/static/file/yonyou/esg/yonyou%202021%20Sustainability%20(ESG)%20report.pdf,https://mkfs.yybip.com/static/file/yonyou/esg/%E7%94%A8%E5%8F%8B%E7%BD%91%E7%BB%9C%E7%A7%91%E6%8A%80%E8%82%A1%E4%BB%BD%E6%9C%89%E9%99%90%E5%85%AC%E5%8F%B82021%E5%B9%B4%E5%8F%AF%E6%8C%81%E7%BB%AD%E5%8F%91%E5%B1%95%EF%BC%88ESG%EF%BC%89%E6%8A%A5%E5%91%8A-%E4%B8%AD%E6%96%87.pdf,https://mkfs.yybip.com/static/file/yonyou/esg/yonyou%202022%20Sustainability%20(ESG)%20report.pdf,https://mkfs.yybip.com/static/file/yonyou/esg/%E7%94%A8%E5%8F%8B%E7%BD%91%E7%BB%9C%E7%A7%91%E6%8A%80%E8%82%A1%E4%BB%BD%E6%9C%89%E9%99%90%E5%85%AC%E5%8F%B82022%E5%B9%B4%E5%8F%AF%E6%8C%81%E7%BB%AD%E5%8F%91%E5%B1%95%EF%BC%88ESG%EF%BC%89%E6%8A%A5%E5%91%8A.pdf,https://mkfs.yybip.com/static/file/yonyou/esg/yonyou%202023%20Sustainability(ESG)%20report.pdf,https://mkfs.yybip.com/static/file/yonyou/esg/%E7%94%A8%E5%8F%8B%E7%BD%91%E7%BB%9C%E7%A7%91%E6%8A%80%E8%82%A1%E4%BB%BD%E6%9C%89%E9%99%90%E5%85%AC%E5%8F%B82023%E5%B9%B4%E5%8F%AF%E6%8C%81%E7%BB%AD%E5%8F%91%E5%B1%95%EF%BC%88ESG%EF%BC%89%E6%8A%A5%E5%91%8A.pdf,,,Dai Yifan,
38,Capgemini,凯捷,France,Information Technology,Software & Services,IT Consulting & Other Services,2,0,https://investors.capgemini.com/en/esg-policy/,,,https://investors.capgemini.com/wp-content/uploads/sites/2/2019/05/ESG-policy2021.pdf,,https://investors.capgemini.com/en/wp-content/uploads/sites/2/2019/05/Capgemini-Environment-Report-22-23-2.pdf,,,,,,Dai Yifan,
39,Cognizant,高知特,USA,Information Technology,Software & Services,IT Consulting & Other Services,4,0,https://www.cognizant.com/sg/en/about-cognizant/sustainability-corporate-citizenship#spy-reports,https://www.cognizant.com/en_us/about/documents/2020-cognizant-esg-report.pdf,,https://www.cognizant.com/en_us/about/documents/esg-report-2021.pdf,,https://www.cognizant.com/en_us/about/documents/2022-esg-report.pdf,,https://www.cognizant.com/en_us/about/documents/cognizant-2023-sustainability-report.pdf,,,,Dai Yifan,
40,Infosys,印孚瑟斯,India,Information Technology,Software & Services,IT Consulting & Other Services,4,0,https://www.infosys.com/about/esg/sustainability-reports.html,https://www.infosys.com/sustainability/documents/infosys-esg-report-2020-21.pdf,,https://www.infosys.com/sustainability/documents/infosys-esg-report-2021-22.pdf,,https://www.infosys.com/sustainability/documents/infosys-esg-report-2022-23.pdf,,https://www.infosys.com/sustainability/documents/infosys-esg-report-2023-24.pdf,,,,Dai Yifan,
41,Wipro,威普罗,India,Information Technology,Software & Services,IT Consulting & Other Services,4,0,https://www.wipro.com/sustainability-archive/,https://www.wipro.com/content/dam/nexus/en/sustainability/sustainability_reports/sustainability-report.pdf,,https://www.wipro.com/content/dam/nexus/en/sustainability/sustainability_reports/wipro-sustainability-report-fy-2021-22.pdf,,https://www.wipro.com/content/dam/nexus/en/sustainability/sustainability_reports/wipro-sustainability-report-fy-2022-2023.pdf,,https://www.wipro.com/content/dam/nexus/en/sustainability/sustainability_reports/wipro-sustainability-report-fy-2023-2024.pdf,,,,Dai Yifan,
42,HCLTech,HCL科技,India,Information Technology,Software & Services,IT Consulting & Other Services,4,0,https://www.hcltech.com/sustainability,,,https://www.hcltech.com/sites/default/files/document/open/Sustainability-Report-2021.pdf,,https://www.hcltech.com/sites/default/files/document/open/FY2022_HCL_Sustainability_Report.pdf,,https://www.hcltech.com/sites/default/files/document/open/FY2023_HCLTech_Sustainability_Report.pdf,,https://www.hcltech.com/sustainability/sustainability-report-fy2024,,Dai Yifan,
43,Meta,元,USA,Information Technology,Software & Services,Internet Services & Infrastructure,4,0,https://sustainability.atmeta.com/resources/,https://sustainability.atmeta.com/wp-content/uploads/2021/06/2020_FB_Sustainability-Report-3.pdf,,https://sustainability.atmeta.com/wp-content/uploads/2022/06/Meta-2021-Sustainability-Report.pdf,,,,https://sustainability.atmeta.com/wp-content/uploads/2023/07/Meta-2023-Sustainability-Report-1.pdf,,https://sustainability.atmeta.com/wp-content/uploads/2024/08/Meta-2024-Sustainability-Report.pdf,,Dai Yifan,
44,Cadence Design Systems,益华,USA,Information Technology,Software & Services,System Software,4,0,https://www.cadence.com/en_US/home/company/csr.html,https://issuu.com/cdns/docs/cadence_2020_sustainability_report?fr=sNWU1NTMyMzM4MTY,,https://issuu.com/cdns/docs/cadence_2021_sustainability_report?fr=sZDY3YjMyMzM4MTY,,https://www.cadence.com/content/dam/cadence-www/global/en_US/documents/company/csr/cadence-2022-environmental-social-and-governance-report.pdf,,https://www.cadence.com/content/dam/cadence-www/global/en_US/documents/company/csr/cadence-2023-environmental-social-and-governance-report.pdf,,,,Dai Yifan,
45,Dassault,达索系统,France,Information Technology,Software & Services,System Software,4,0,https://investor.3ds.com/earnings-reports/annual-report?_gl=1*1fqfh8g*_gcl_au*NTk4Nzg0MTAyLjE3MjUzNDkyNDg.*_ga*MTQ5MDM3NTUwMi4xNzI1MzQ5MjQ3*_ga_DYJDKXYEZ4*MTcyNTM0OTI0Ni4xLjEuMTcyNTM0OTQ0Ny41Ni4wLjA.*_ga_39DKQ0LYW1*MTcyNTM0OTI0Ni4xLjEuMTcyNTM0OTQ0My4wLjAuMA..,https://investor.3ds.com/static-files/7f92f19a-c221-4f87-a305-0998dfe63dd1,,https://investor.3ds.com/static-files/c0cb2902-83e8-4047-a3fc-a1bf441ac759,,https://investor.3ds.com/static-files/613d4b4c-1982-4a16-91b3-4ff4948d53c2,,https://investor.3ds.com/static-files/8400f01a-f7c3-4826-9a82-03c5ba667d05,,,,Dai Yifan,
46,Workday,沃特科,USA,Information Technology,Software & Services,Application Software,2,0,https://www.responsibilityreports.com/Company/workday,,,https://www.responsibilityreports.com/HostedData/ResponsibilityReportArchive/w/NYSE_WDAY_2021.pdf,,,,,,https://www.workday.com/content/dam/web/en-us/documents/other/workday-global-impact-report.pdf,,Dai Yifan,
47,Atlassian,艾特莱森,Australia,Information Technology,Software & Services,Application Software,4,0,https://www.atlassian.com/company/corporate-social-responsibility/report,https://wac-cdn.atlassian.com/dam/jcr:0d978a4a-3328-4241-8069-9d880e600b77/Atlassian%20Sustainability%20Report%20FY20.pdf?cdnVersion=2201,,https://wac-cdn.atlassian.com/dam/jcr:5dbbbd09-355e-49b9-a486-604b0626b881/Atlassian%20Sustainability%20Report%20FY21.pdf?cdnVersion=2201,,https://wac-cdn.atlassian.com/dam/jcr:807d335e-7e21-4bff-b85b-210e66dbbf03/FY22%20Atlassian%20Sustainability%20Report.pdf?cdnVersion=2201,,https://wac-cdn.atlassian.com/dam/jcr:6926baa1-1e4a-4871-aba2-af28c06ffaab/FY23%20Atlassian%20Sustainability%20Report.pdf?cdnVersion=2201,,,,Dai Yifan,
48,Sage,Sage,UK,Information Technology,Software & Services,Application Software,3,0,https://www.sage.com/en-gb/company/sustainability-and-society/#reports,,,https://www.sage.com/en-gb/-/media/files/investors/documents/pdf/downloads/sage-sustainability-report-2021.pdf,,https://www.sage.com/en-gb/-/media/files/company/documents/pdf/sustainability-and-society/sustainability-and-society-report-gri-2022.pdf,,https://www.sage.com/en-gb/-/media/files/investors/documents/pdf/downloads/sage-sustainability-report-gri-2023.pdf,,,,Dai Yifan,
49,Autodesk,欧特克,USA,Information Technology,Software & Services,Application Software,5,0,https://www.autodesk.com/sustainability/impact-report,https://damassets.autodesk.net/content/dam/autodesk/www/pdfs/autodesk-fy2020-sustainability-report-Edit-Final.pdf,,https://damassets.autodesk.net/content/dam/autodesk/www/sustainability/docs/pdf/autodesk-fy2021-impact-report.pdf,,https://damassets.autodesk.net/content/dam/autodesk/www/sustainability/docs/pdf/autodesk-fy2022-impact-report.pdf,,https://damassets.autodesk.com/content/dam/autodesk/www/pdfs/fy23-autodesk-impact-report-en.pdf,,https://damassets.autodesk.net/content/dam/autodesk/www/pdfs/autodesk-fy24-impact-report.pdf,,Dai Yifan,
50,Temenos AG,Temenos AG,Switzerland,Information Technology,Software & Services,Application Software,3,0,https://www.responsibilityreports.com/Company/temenos-ag,,,https://www.responsibilityreports.com/HostedData/ResponsibilityReportArchive/t/temenos-ag_2021.pdf,,https://www.responsibilityreports.com/HostedData/ResponsibilityReportArchive/t/temenos-ag_2022.pdf,,https://www.temenos.com/wp-content/uploads/2024/04/Temenos_Sustainability-Report-2023.pdf,,,,Dai Yifan,
51,SEAGATE,希捷,Singapore,Information Technology,"Technology Hardware, Storage & Peripherals","echnology Hardware, Storage & Peripherals",3,0,https://www.seagate.com/sg/en/esg/resources/annul-reports-archive/,https://www.seagate.com/content/dam/seagate/migrated-assets/www-content/global-citizenship/en-us/docs/fy-2020-gc-annual-report-1.pdf,,https://www.seagate.com/content/dam/seagate/assets/esg/resources/annual-reports-archive/fy2021-gcar-final.pdf,,https://www.seagate.com/content/dam/seagate/assets/esg/resources/annual-reports-archive/seagate-fy2022-esg-performance-report.pdf,,,,,,Zhang Yuteng,
52,NETAPP,网域存储公司,USA,Information Technology,"Technology Hardware, Storage & Peripherals","Technology hardware, storage & peripherals industry",4,0,https://investors.netapp.com/environment-social-and-governance-report,https://www.netapp.com/pdf.html?item=/media/11875-netapp-2020-esg-report.pdf,,https://www.netapp.com/pdf.html?item=/media/60152-netapp-2021-esg-report.pdf,,https://investors.netapp.com/static-files/e3a41a70-4a87-4334-9b00-0ed279c13326,,https://www.netapp.com/pdf.html?item=/media/79434-NetApp-esg-report.pdf,,,,Zhang Yuteng,
53,BROTHER,兄弟工业,Japan,Information Technology,"Technology Hardware, Storage & Peripherals","Technology Hardware, Storage & Peripherals",4,0,https://global.brother/en/sustainability/report-archive/download,https://download.brother.com/pub/com/en/csr/pdf/csr-2020-all.pdf,,https://download.brother.com/pub/com/en/csr/pdf/sus-2021-en.pdf,,https://download.brother.com/pub/com/en/csr/pdf/sus-2022-en.pdf,,https://download.brother.com/pub/com/en/csr/pdf/sus-2023-en.pdf,,,,Zhang Yuteng,
54,MOTOROLA,摩托罗拉解决方案,USA,Information Technology,"Technology Hardware, Storage & Peripherals","Technology hardware, storage & peripherals industry",4,0,https://www.motorolasolutions.com/en_us/about/environmental-social-corporate-governance-esg.html,https://www.motorolasolutions.com/content/dam/msi/docs/corporate-responsibility/coporate-responsibility-2020-report.pdf,,https://www.motorolasolutions.com/content/dam/msi/investors/doc_downloads/2022/06/2021-corporate-responsibility-report.pdf,,https://www.motorolasolutions.com/content/dam/msi/docs/about-us/dei/2022_corporate_responsibility_report.pdf,,https://www.motorolasolutions.com/content/dam/msi/docs/corporate-responsibility/2023-corporate-responsibility-report.pdf,,,,Zhang Yuteng,
55,SEIKO EPSON,精工爱普生,Japan,Information Technology,"Technology Hardware, Storage & Peripherals","Technology hardware, storage & peripherals industry",3,0,https://corporate.epson/en/sustainability/report/archive.html,https://corporate.epson/en/sustainability/report/pdf/2020/epson_sr2020_all_e.pdf,,https://corporate.epson/en/sustainability/report/pdf/2021/epson_sr2021_all_e.pdf,,https://corporate.epson/en/sustainability/report/pdf/2022/epson_sr2022_all_e.pdf,,,,,,Zhang Yuteng,
56,PURE STORAGE,None,USA,Information Technology,"Technology Hardware, Storage & Peripherals","Technology hardware, storage & peripherals industry",3,2,https://www.purestorage.com/company/corporate-social-responsibility.html,,,https://www.purestorage.com/content/dam/pdf/en/misc/esg/2021-esg-pure-report.pdf,https://www.purestorage.com/content/dam/pdf/zh-cn/misc/esg/2021-esg-pure-report-technology-zh-cn.pdf,,,https://www.purestorage.com/content/dam/pdf/en/misc/esg/2023-esg-pure-report.pdf,https://www.purestorage.com/content/dam/pdf/zh-cn/misc/esg/2023-esg-fact-sheet-zh-cn.pdf,https://www.purestorage.com/content/dam/pdf/en/misc/esg/2024-esg-pure-report.pdf,,Zhang Yuteng,
57,Compal Electronics,仁宝电脑,Taiwan,Information Technology,"Technology Hardware, Storage & Peripherals","Technology hardware, storage & peripherals industry",4,4,https://www.compal.com/ESG/EN/download.aspx,https://www.compal.com/ESG/Upload/ReportImages/2021073116520120.pdf,https://www.compal.com/ESG/Upload/ReportImages/2021081317045390.pdf,https://www.compal.com/ESG/Upload/ReportImages/2022090213021660.pdf,https://www.compal.com/ESG/Upload/ReportImages/2022090213021641.pdf,https://www.compal.com/ESG/Upload/ReportImages/2023073111363517.pdf,https://www.compal.com/ESG/Upload/ReportImages/2023081511103619.pdf,https://www.compal.com/ESG/Upload/ReportImages/2024072916284038.pdf,https://www.compal.com/ESG/Upload/ReportImages/2024083015015680.pdf,,,Zhang Yuteng,
58,Supermicro,美超微电脑,USA,Information Technology,"Technology Hardware, Storage & Peripherals","Technology hardware, storage & peripherals industry",1,0,https://ir.supermicro.com/governance/governance-documents/default.aspx,,,,,,,https://www.supermicro.com/GreenComputing/Supermicro-ESG-Report-2023.pdf,,,,Zhang Yuteng,
59,Anker Innovations,安克创新科技,China,Information Technology,"Technology Hardware, Storage & Peripherals","Technology hardware, storage & peripherals industry",2,0,https://en.anker-in.com/environmental_and_social/,,,,,https://en.anker-in.com/wp-content/uploads/2023/06/Anker-Innovations-2022-ESG-Report.pdf,,https://cn.anker-in.com/esg-report/english-2023.pdf,,,,Zhang Yuteng,
60,Canon,佳能,Japan,Information Technology,"Technology Hardware, Storage & Peripherals","Technology hardware, storage & peripherals industry",5,0,https://global.canon/en/sustainability/report/,https://global.canon/en/sustainability/report/pdf/canon-sus-2020-e.pdf,,https://global.canon/en/sustainability/report/pdf/canon-sus-2021-e.pdf,,https://global.canon/en/sustainability/report/pdf/canon-sus-2022-e.pdf,,https://global.canon/en/sustainability/report/pdf/canon-sus-2023-e.pdf,,https://global.canon/en/sustainability/report/pdf/canon-sus-2024-e.pdf,,Zhang Yuteng,
61,Omron,欧姆龙,Japan,Technology Hardware & Equipment ,"Electronic Equipment, Instruments & Components",Electronic Equipment & Instruments,4,4,https://sustainability.omron.com/en/pdf_inquiry/,https://www.omron.com/jp/ja/ir/irlib/pdfs/ar20e/OMRON_Integrated_Report_2020_en_A4.pdf,https://www.omron.com.cn/csr/file/2020-report.pdf,https://www.omron.com/global/en/assets/file/ir/irlib/ar21e/OMRON_Integrated_Report_2021_en_A4.pdf,https://www.omron.com.cn/csr/file/2021-report.pdf,https://www.omron.com/global/en/assets/file/ir/irlib/ar22e/OMRON_Integrated_Report_2022_en_A4.pdf,https://www.omron.com.cn/csr/file/OMRON_Integrated_Report_2022_CN.pdf,https://www.omron.com/global/en/assets/file/ir/irlib/ar23e/OMRON_Integrated_Report_2023_en_A4.pdf?231011,https://www.omron.com.cn/csr/file/OMRON_Integrated_Report2023_CH_0118.pdf,,,Zhang Yuteng,
62,Delta,台达,China,Technology Hardware & Equipment ,"Electronic Equipment, Instruments & Components",Electronic Equipment & Instruments,4,4,https://esg.deltaww.com/en/CSR-Reports,https://filecenter.deltaww.com/about/download/2020_Delta_ESG_Report_EN.pdf,https://filecenter.deltaww.com/about/download/2020_Delta_ESG_Report_CH.pdf,https://filecenter.deltaww.com/about/download/2021_Delta_ESG_Report_EN.pdf,https://filecenter.deltaww.com/about/download/2021_Delta_ESG_Report_CH.pdf,https://filecenter.deltaww.com/about/download/2022_Delta_ESG_Report_EN.pdf,https://filecenter.deltaww.com/about/download/2022_Delta_ESG_Report_CH.pdf,https://filecenter.deltaww.com/about/download/2023_Delta_ESG_Report_EN.pdf,https://filecenter.deltaww.com/about/download/2023_Delta_ESG_Report_CH.pdf,,,Zhang Yuteng,
63,Trimble,天宝,USA,Technology Hardware & Equipment ,"Electronic Equipment, Instruments & Components",Electronic Equipment & Instruments,3,0,https://www.trimble.com/en/sustainability,,,https://assets.ctfassets.net/citn2sn5tdjr/3NhCC2iyttASr6LOMyjOUy/3f453b3b877267df7cafa13c3bd6bc56/trimble-sustainability-report-2021.pdf,,https://www.trimble.com/downloads/4K6TJvfQn5fT6yn253RiEK/0c3ad99e7eb9457eebd5237b09a745b7/trimble-sustainability-report-2022.pdf,,,,,,Zhang Yuteng,
64,USI,环隆电气,China,Technology Hardware & Equipment ,"Electronic Equipment, Instruments & Components",Electronic Equipment & Instruments,4,4,https://www.usiglobal.com/en/report,https://www.usiglobal.com/download/2jRkaStw8AzGaZn0,https://www.usiglobal.com/download/fQgnV6PBErsW8mUd,https://www.usiglobal.com/download/eQVkmj806SOusaQI,https://www.usiglobal.com/download/bVWjfLSG8v3bCyOr,https://www.usiglobal.com/download/C2iVCscRQnKRZZf1,https://www.usiglobal.com/download/y19R4hYgc3SEOUup,https://www.usiglobal.com/download/7DVVJVJWZoKfbCqk,https://www.usiglobal.com/download/ShPcCyMIs91Dn0di,,,Zhang Yuteng,
65,YAGEO,台湾国巨,China,Technology Hardware & Equipment ,"Electronic Equipment, Instruments & Components",Electronic Equipment & Instruments,3,4,https://www.yageo.com/en/Html/Index/csr,https://www.yageo.com/upload/media/about/CSR/YAGEO_CSR2020_en.pdf,https://www.yageo.com/upload/media/about/CSR/YAGEO_CSR2020_tw.pdf,https://www.yageo.com/upload/media/about/ESG/2021/YAGEO_ESG2021_en.pdf,https://www.yageo.com/upload/media/about/ESG/2021/YAGEO_ESG2021_tw.pdf,https://www.yageo.com/upload/media/about/ESG/2022/YAGEO_ESG2022_en.pdf,https://www.yageo.com/upload/media/about/ESG/2022/YAGEO_ESG2022_tw.pdf,,https://www.yageo.com/upload/media/about/ESG/2023/YAGEO_ESG2023_tw.pdf,,,Zhang Yuteng,
66,KYOCERA,京瓷,Japan,Technology Hardware & Equipment ,"Electronic Equipment, Instruments & Components",Electronic Equipment & Instruments,4,0,https://global.kyocera.com/sustainability/catalog/index.html,https://global.kyocera.com/sustainability/catalog/pdf/2020/all.pdf,,https://global.kyocera.com/sustainability/catalog/pdf/2021/all.pdf,,https://global.kyocera.com/sustainability/catalog/pdf/2022/all.pdf,,https://global.kyocera.com/sustainability/catalog/pdf/2023/all.pdf,,,,Zhang Yuteng,
67,Yokogawa,横河,Japan,Technology Hardware & Equipment ,"Electronic Equipment, Instruments & Components",Electronic Equipment & Instruments,4,1,https://www.yokogawa.com/about/sustainability/report/,https://web-material3.yokogawa.com/24/15654/tabs/2020_Yokogawa_Sustainability_Report.pdf?_ga=2.120932616.1242639079.1725341184-179743273.1725341184,,https://web-material3.yokogawa.com/24/15654/tabs/2021_Yokogawa_Sustainability_Report.pdf?_ga=2.120932616.1242639079.1725341184-179743273.1725341184,,https://web-material3.yokogawa.com/24/15654/tabs/YOKOGAWA_SUSTAINABILITY_REPORT_2022_E.pdf?_ga=2.120932616.1242639079.1725341184-179743273.1725341184,,https://web-material3.yokogawa.com/24/15654/tabs/YOKOGAWA_SUSTAINABILITY_REPORT_2023_E.pdf?_ga=2.36045216.1242639079.1725341184-179743273.1725341184,https://web-material3.yokogawa.com/24/15654/tabs/YOKOGAWA_SUSTAINABILITY_REPORT_2023_ZH.pdf?_ga=2.36045216.1242639079.1,,,Zhang Yuteng,
68,TDK,东电化,Japan,Technology Hardware & Equipment ,"Electronic Equipment, Instruments & Components",Electronic Equipment & Instruments,4,0,https://www.tdk.com/en/sustainability/report/index.html,https://www.tdk.com/system/files/127758843/tdk_sustainability_2020_en.pdf,,https://www.tdk.com/system/files/128540852/tdk_sustainability_2021_en.pdf,,https://www.tdk.com/system/files/sustainability/tdk_sustainability_2022_en.pdf,,https://www.tdk.com/system/files/tdk_sustainability_2023_en.pdf,,,,Zhang Yuteng,
69,E INK,元太科技,China,Technology Hardware & Equipment ,"Electronic Equipment, Instruments & Components",Electronic Equipment & Instruments,4,4,https://esg.eink.com/en/report?year=all&page=2,https://esg.eink.com/upload/2022_08_24/3_20220824180937xq1itdlfX4.pdf,https://esg.eink.com/upload/2022_08_08/2_20220808142942nb4bzcIzm0.pdf,https://esg.eink.com/upload/2024_01_04/3_20240104100755tn6j3eoGs0.pdf,https://esg.eink.com/upload/2024_01_04/3_20240104101254hx14bdvUz0.pdf,https://esg.eink.com/upload/2024_01_04/3_202401040947453tejtiys40.pdf,https://esg.eink.com/upload/2024_01_04/3_20240104095243uvz3gjR6U0.pdf,https://esg.eink.com/upload/2024_08_29/3_20240829165753lmlp4gyhg0.pdf,https://esg.eink.com/upload/2024_08_29/3_202408291649333zc3udgIf1.pdf,,,Zhang Yuteng,
70,SUNNY OPTICAL,舜宇光学,China,Technology Hardware & Equipment ,"Electronic Equipment, Instruments & Components",Electronic Equipment & Instruments,4,4,https://www.sunnyoptical.com/en/pub_list/007014/index.html,https://www.sunnyoptical.com/webfile/temps/202106519343417250.pdf,https://www.sunnyoptical.com/webfile/temps/202106519343417250.pdf,https://www.sunnyoptical.com/webfile/temps/202205421501064337.pdf,https://www.sunnyoptical.com/webfile/temps/202205421501064337.pdf,https://www.sunnyoptical.com/webfile/temps/202304311442375093.pdf,https://www.sunnyoptical.com/webfile/temps/202304311442375093.pdf,https://www.sunnyoptical.com/webfile/temps/202404313212293153.pdf,https://www.sunnyoptical.com/webfile/temps/202404313212293153.pdf,,,Zhang Yuteng,
71,ZHEN DING,臻鼎科技,China,Technology Hardware & Equipment ,"Electronic Equipment, Instruments & Components",Electronic Equipment & Instruments,4,4,https://www.zdtco.com/en/csr,https://www.zdtco.com/download/2020CSRReport,https://www.zdtco.com/download/2020CSR%E5%A0%B1%E5%91%8A%E6%9B%B8,https://www.zdtco.com/download/2021ESGReportEN,https://www.zdtco.com/download/2021ESGReport,https://www.zdtco.com/download/2022ESGEN,https://www.zdtco.com/download/2022ESGReport,https://www.zdtco.com/download/2023ESGReportEN,https://www.zdtco.com/download/2023ESGReport,,,Zhang Yuteng,
72,Foxconn,富士康,China,Technology Hardware & Equipment ,"Electronic Equipment, Instruments & Components",Electronic Equipment & Instruments,4,3,https://www.foxconn.com/en-us/CSR/csr-report,https://image.honhai.com/reports/CSR/EN/2020/2020%E9%B4%BB%E6%B5%B7%20CSR%20report-%E8%8B%B1%E6%96%87%E7%89%88.pdf,https://image.honhai.com/reports/CSR/CN/2020/2020%E9%B4%BB%E6%B5%B7%20CSR%20report-%E4%B8%AD%E6%96%87%E7%89%88.pdf,https://image.honhai.com/reports/CSR/EN/2021/HonHai_2021_Sustainability%20Report_EN.pdf,https://image.honhai.com/reports/CSR/CN/2021/HonHai_2021_Sustainability%20Report_CN.pdf,https://image.honhai.com/reports/CSR/EN/2022/HonHai_2022_Sustainability_Report_EN-Full.pdf,https://image.honhai.com/reports/CSR/CN/2022/%E9%B4%BB%E6%B5%B7-2022ESG(CH)-20230731-%E5%AE%8C%E6%95%B4%E7%89%88.pdf,https://image2.honhai.com/sustainability-reports/en/2023%20Sustainability%20Report(31-8-24).pdf,,,,Zhang Yuteng,
73,DSBJ,东山精密,China,Technology Hardware & Equipment ,"Electronic Equipment, Instruments & Components",Electronic Equipment & Instruments,0,2,https://www.dsbj.com/En/Index/pageView/catid/64.html,,https://cn.dsbj.com/Public/Uploads/uploadfile/files/20221118/20221118155632_63773ab0262f3.PDF,,https://cn.dsbj.com/Public/Uploads/uploadfile/files/20221118/20221118155616_63773aa0d4eff.PDF,,,,,,,Zhang Yuteng,
74,Shennan Circuits,深南电路,China,Technology Hardware & Equipment ,"Electronic Equipment, Instruments & Components",Electronic Equipment & Instruments,3,3,https://www.scc.com.cn/scc/en/shzr/shzrbg/index.html,https://www.scc.com.cn/yskjcmsresource/document/20230317/821348910051098624.pdf,https://www.scc.com.cn/yskjcmsresource/document/20221128/781861688453365760.pdf,https://www.scc.com.cn/yskjcmsresource/document/20230317/821349251547136000.pdf,https://www.scc.com.cn/yskjcmsresource/document/20221128/781862273923678208.pdf,https://www.scc.com.cn/yskjcmsresource/document/20230428/836657391012413440.pdf,https://www.scc.com.cn/yskjcmsresource/document/20230427/836286778485768192.pdf,,,,,Zhang Yuteng,
75,UNIMICRON,欣兴电子,China,Technology Hardware & Equipment ,"Electronic Equipment, Instruments & Components",Electronic Equipment & Instruments,3,3,https://www.unimicron.com/esg/en/ebook_list.html,https://www.unimicron.com/esg/report_en/responsibility2020_en/responsibility2020_en.pdf,https://www.unimicron.com/esg/report/responsibility2020/responsibility2020.pdf,https://www.unimicron.com/esg/report_en/responsibility2021_en/responsibility2021_en.pdf,,https://www.unimicron.com/esg/report_en/responsibility2022_en/responsibility2022_en.pdf,https://www.unimicron.com/esg/report/responsibility2022/responsibility2022.pdf,,https://www.unimicron.com/esg/report/responsibility2023/responsibility2023.pdf,,,Zhang Yuteng,
76,Tokyo Electron,东京威力科创,Japan,Semiconductors & Semiconductor Equipment,Semiconductors & Semiconductor Equipment,Semiconductors & Semiconductor Equipment,3,0,https://www.tel.com/sustainability/report/index.html,https://www.tel.com/sustainability/report/hq95qj0000000pdf-att/sustainability_report_2020_all_e.pdf,,https://www.tel.com/sustainability/report/index.html#year2021,,https://www.tel.com/sustainability/report/hq95qj00000005xy-att/sr2022_all_e.pdf,,,,,,Li Fangling,
77,ASML,阿斯麦尔,Netherlands,Semiconductors & Semiconductor Equipment,Semiconductors & Semiconductor Equipment,Semiconductors & Semiconductor Equipment,1,0,https://www.asml.com/en/company/sustainability,,,,,,,https://edge.sitecorecloud.io/asmlnetherlaaea-asmlcom-prd-5369/media/project/asmlcom/asmlcom/asml/files/investors/financial-results/a-results/2023/2023-annual-report-based-on-us-gaap-m7rf6.pdf,,,,Li Fangling,
78,Intel,英特尔,USA,Semiconductors & Semiconductor Equipment,Semiconductors & Semiconductor Equipment,Semiconductors & Semiconductor Equipment,4,3,https://www.intc.com/esg,https://csrreportbuilder.intel.com/pdfbuilder/pdfs/CSR-2020-21-Full-Report.pdf,https://csrreportbuilder.intel.com/pdfbuilder/pdfs/CSR-2020-21-Full-Report.pdf,https://csrreportbuilder.intel.com/pdfbuilder/pdfs/CSR-2021-22-Full-Report.pdf,https://www.intel.cn/content/dam/www/public/cn/zh/documents/social/report-2022/csr-2021-22-full-report-cn.pdf,https://csrreportbuilder.intel.com/pdfbuilder/pdfs/CSR-2022-23-Full-Report.pdf,https://www.intel.com/content/dam/www/central-libraries/cn/zh/documents/2023-11/2022-23-corporate-responsibility-report-chinese-simplified.pdf,https://csrreportbuilder.intel.com/pdfbuilder/pdfs/CSR-2023-24-Full-Report.pdf,,,,Li Fangling,
79,NVIDIA,英伟达,USA,Semiconductors & Semiconductor Equipment,Semiconductors & Semiconductor Equipment,Semiconductors & Semiconductor Equipment,5,2,https://www.nvidia.com/en-us/sustainability/,https://www.nvidia.com/content/dam/en-zz/Solutions/documents/FY2020-NVIDIA-CSR-Social-Responsibility.pdf,https://www.nvidia.cn/content/dam/en-zz/zh_cn/Solutions/csr/FY2020-NVIDIA-CSR-Social-Responsibility-CN.pdf,https://images.nvidia.com/aem-dam/Solutions/documents/FY2021-NVIDIA-CSR-Social-Responsibility.pdf,https://images.nvidia.cn/aem-dam/zh_cn/Solutions/documents/FY2021-NVIDIA-CSR-Social-Responsibility_CN_final.pdf,https://images.nvidia.com/aem-dam/en-zz/Solutions/csr/FY2022-NVIDIA-Corporate-Responsibility.pdf,,https://images.nvidia.com/aem-dam/Solutions/documents/FY2023-NVIDIA-Corporate-Responsibility-Report-1.pdf,,https://images.nvidia.com/aem-dam/Solutions/documents/FY2024-NVIDIA-Corporate-Sustainability-Report.pdf,,Li Fangling,
80,Infineon,英飞凌,Germany,Semiconductors & Semiconductor Equipment,Semiconductors & Semiconductor Equipment,Semiconductors & Semiconductor Equipment,4,0,,https://www.infineon.com/dgdl/Sustainability+at+Infineon+2020+secured.pdf?fileId=5546d46175e929e10175f21229ea0001,,https://www.infineon.com/dgdl/Sustainability+at+Infineon+Supplementing+the+Annual+Report+2021.pdf?fileId=8ac78c8b7d507352017d6b57a9f6016c,,https://www.infineon.com/dgdl/Sustainability+at+Infineon+2022.pdf?fileId=8ac78c8b84a33cb40184bd6a9c8f0035,,https://www.infineon.com/dgdl/Sustainability_at+Infineon_2023.pdf?fileId=8ac78c8b8b657de2018c009d03120100,,,,Li Fangling,
81,MICRON,美光,USA,Semiconductors & Semiconductor Equipment,Semiconductors & Semiconductor Equipment,Semiconductors & Semiconductor Equipment,5,0,https://sg.micron.com/about/environmental-social-governance/esg-resources,https://www.micron.com/content/dam/micron/global/public/documents/about/sustainability/sustainability-report-2020.pdf,,https://www.micron.com/content/dam/micron/global/public/documents/about/sustainability/micron-sustainability-report-fy21-final.pdf,,https://tw.micron.com/content/dam/micron/global/public/documents/about/sustainability/2022-micron-sustainability-report.pdf,,https://tw.micron.com/content/dam/micron/global/public/documents/about/sustainability/2023-micron-sustainability-report.pdf,,https://tw.micron.com/content/dam/micron/global/public/documents/about/sustainability/2024-micron-sustainability-report.pdf,,Li Fangling,
82,UNITED MICROELECTRONICS,联电,China,Semiconductors & Semiconductor Equipment,Semiconductors & Semiconductor Equipment,Semiconductors & Semiconductor Equipment,4,0,https://www.umc.com/en/Download/corporate_sustainability_reports,https://www.umc.com/upload/media/07_Sustainability/72_Reports_and_Results/1_Corporate_Sustainability_Reports/CSR_Reports/CS_Report_English_pdf/2020_CSR_report_eng/2020_CSR_report_en_all.pdf,,https://www.umc.com/upload/media/07_Sustainability/72_Reports_and_Results/1_Corporate_Sustainability_Reports/CSR_Reports/CS_Report_English_pdf/2021_CSR_report_eng/2021_CSR_report_en_all.pdf,,https://www.umc.com/upload/media/07_Sustainability/72_Reports_and_Results/1_Corporate_Sustainability_Reports/CSR_Reports/CS_Report_English_pdf/2022_CSR_report_eng/UMC_2022_Sustainability_Report_En.pdf,,https://www.umc.com/upload/media/07_Sustainability/72_Reports_and_Results/1_Corporate_Sustainability_Reports/CSR_Reports/CS_Report_English_pdf/2023_CSR_report_eng/UMC-2023-EN-0730-1-elink.pdf,,,,Li Fangling,
83,MCHP,微芯,USA,Semiconductors & Semiconductor Equipment,Semiconductors & Semiconductor Equipment,Semiconductors & Semiconductor Equipment,4,0,https://www.microchip.com/en-us/about/corporate-responsibility,https://ww1.microchip.com/downloads/aemDocuments/documents/corporate-responsibilty/sustainability/Microchip-Sustainability-Report-Final-High-Res-2020.pdf,,https://ww1.microchip.com/downloads/aemDocuments/documents/corporate-responsibilty/sustainability/2021-Microchip-Sustainability-Report_web.pdf,,https://ww1.microchip.com/downloads/aemDocuments/documents/corporate-responsibilty/sustainability/2022-Microchip-Sustainability-Report.pdf,,https://ww1.microchip.com/downloads/aemDocuments/documents/corporate-responsibilty/sustainability/2023-Microchip-Sustainability-Report.pdf,,,,Li Fangling,
84,MediaTek,联发科技,China,Semiconductors & Semiconductor Equipment,Semiconductors & Semiconductor Equipment,Semiconductors & Semiconductor Equipment,3,0,https://corp.mediatek.com/about/sustainability,https://d86o2zu8ugzlg.cloudfront.net/mediatek-craft/reports/CSR/2020-MediaTek-Corporate-Social-Responsibility-Report.pdf,,https://d86o2zu8ugzlg.cloudfront.net/mediatek-craft/reports/CSR/2021-MediaTek-Sustainability-Report.pdf,,https://d86o2zu8ugzlg.cloudfront.net/mediatek-craft/reports/CSR/2022-Media-Tek-Sustainability-Report-Final.pdf,,,,,,Li Fangling,
85,AMD,超威半导体,USA,Semiconductors & Semiconductor Equipment,Semiconductors & Semiconductor Equipment,Semiconductors & Semiconductor Equipment,3,0,https://www.amd.com/en/corporate/corporate-responsibility/esg-disclosures.html#material,https://www.amd.com/content/dam/amd/en/documents/corporate/cr/2020-21-global-us-report-summary.pdf,,https://www.amd.com/system/files/documents/2021-22-sasb-tcfd-disclosures.pdf,,,,https://www.amd.com/content/dam/amd/en/documents/corporate/cr/corporate-responsibility-report.pdf#page=9,,,,Li Fangling,
86,LamResearch,泛林,USA,Semiconductors & Semiconductor Equipment,Semiconductors & Semiconductor Equipment,Semiconductors & Semiconductor Equipment,4,0,https://www.lamresearch.com/2020-lam-research-esg-report/,https://www.lamresearch.com/wp-content/uploads/2021/08/Lam-Research-2020-ESG-Report.pdf,,https://www.lamresearch.com/wp-content/uploads/2024/06/Lam-Research-2021-ESG-Report.pdf,,https://www.lamresearch.com/wp-content/uploads/2024/06/Lam-Research-2022-ESG-Report.pdf,,,,,,Li Fangling,
87,Qualcomm,高通,USA,Semiconductors & Semiconductor Equipment,Semiconductors & Semiconductor Equipment,Semiconductors & Semiconductor Equipment,4,0,https://www.qualcomm.com/company/corporate-responsibility,https://www.qualcomm.com/content/dam/qcomm-martech/dm-assets/documents/2020-qualcomm-corporate-responsibility-report_1.pdf,,https://www.qualcomm.com/content/dam/qcomm-martech/dm-assets/documents/2021-qualcomm-corporate-responsibility-report.pdf,,https://www.qualcomm.com/content/dam/qcomm-martech/dm-assets/documents/2022-qualcomm-corporate-responsibility-report.pdf,,https://www.qualcomm.com/content/dam/qcomm-martech/dm-assets/documents/2023-qualcomm-corporate-responsibility-report.pdf,,,,Li Fangling,
88,BE Semiconductor Industries,贝斯,Netherlands,Semiconductors & Semiconductor Equipment,Semiconductors & Semiconductor Equipment,Semiconductors & Semiconductor Equipment,3,0,https://www.besi.com/investor-relations/financial-reports-and-publications/esg-reports/,,,https://www.besi.com/fileadmin/data/Investor_Relations/Corporate_Governance/ESG_Report_2021.pdf,,https://www.besi.com/fileadmin/data/Investor_Relations/Corporate_Governance/ESG_Report_2022.pdf,,https://www.besi.com/fileadmin/data/Investor_Relations/Corporate_Governance/ESG_Report_2023.pdf,,,,Li Fangling,
89,TSMC,台积电,China,Semiconductors & Semiconductor Equipment,Semiconductors & Semiconductor Equipment,Semiconductors & Semiconductor Equipment,3,0,https://www.tsmc.com/english/aboutTSMC/dc_csr_report,https://esg.tsmc.com/file/public/e-all_2020.pdf,,,,https://esg.tsmc.com/en-US/file/public/e-all_2022.pdf,,https://esg.tsmc.com/en-US/file/public/e-all_2023.pdf,,,,Li Fangling,
90,Applied Material,应用材料,USA,Semiconductors & Semiconductor Equipment,Semiconductors & Semiconductor Equipment,Semiconductors & Semiconductor Equipment,4,0,https://www.appliedmaterials.com/us/en/corporate-responsibility.html,https://www.appliedmaterials.com/content/dam/site/company/csr/doc/2020_Sustainability_F.pdf.coredownload.inline.pdf,,https://www.appliedmaterials.com/content/dam/site/company/csr/doc/2021_Sustainability_F.pdf.coredownload.inline.pdf,,https://www.appliedmaterials.com/content/dam/site/company/csr/doc/2022_Sustainability_F.pdf.coredownload.inline.pdf,,https://www.appliedmaterials.com/content/dam/site/company/csr/doc/2023_Sustainability_F.pdf.coredownload.inline.pdf,,,,Li Fangling,
91,Realtek,瑞昱,China,Semiconductors & Semiconductor Equipment,Semiconductors & Semiconductor Equipment,Semiconductors & Semiconductor Equipment,3,0,https://www.realtek.com/Article/Index?menu_id=902&lang=en-GB,https://www.realtek.com/images/csr/2020_CSR_Report.pdf,,https://www.realtek.com/images/csr/Realtek_2021_ESG_Report_EN.pdf,,https://www.realtek.com/images/csr/Realtek_2022_ESG_report_ENGLISH.pdf,,,,,,Li Fangling,
92,Novatek,诺沃,China,Semiconductors & Semiconductor Equipment,Semiconductors & Semiconductor Equipment,Semiconductors & Semiconductor Equipment,4,0,https://esg.novatek.com.tw/en/download,https://esg.novatek.com.tw/upload/media/ESG-Report/2020/2020CSR_e_0906.pdf,,https://esg.novatek.com.tw/upload/media/ESG-Report/2021/2021ESG-all_e.pdf,,https://esg.novatek.com.tw/upload/media/ESG-Report/2022/2022-ESG-Report_e.pdf,,https://esg.novatek.com.tw/upload/media/ESG-Report/2023/2023-ESG-Report_e.pdf,,,,Li Fangling,
93,MARVELL TECHNOLOGY,迈威尔科技,USA,Semiconductors & Semiconductor Equipment,Semiconductors & Semiconductor Equipment,Semiconductors & Semiconductor Equipment,2,0,https://www.marvell.com/company/esg/reports-and-policies.html,,,,,https://www.marvell.com/content/dam/marvell/en/company/assets/marvell-esg-report-fy22.pdf,,https://www.marvell.com/content/dam/marvell/en/company/assets/marvell-esg-report-fy23.pdf,,,,Li Fangling,
94,SKYWORKS SOLUTIONS,思佳讯,USA,Semiconductors & Semiconductor Equipment,Semiconductors & Semiconductor Equipment,Semiconductors & Semiconductor Equipment,4,1,https://www.skyworksinc.com/en/Articles/Current-and-Past-Sustainability-Reports,https://www.skyworksinc.com/-/media/SkyWorks/Documents/Brochures/SustainabilityReport2020.pdf,,https://www.skyworksinc.com/-/media/SkyWorks/Documents/Brochures/SustainabilityReport2021.pdf,https://www.skyworksinc.com/-/media/SkyWorks/Documents/Brochures/SustainabilityReport2021-Chinese-Simplified.pdf,https://www.skyworksinc.com/-/media/SkyWorks/Documents/Brochures/SustainabilityReport2022.pdf,,https://skyworksinc.com/-/media/SkyWorks/Documents/Brochures/SustainabilityReport2023.pdf,,,,Li Fangling,
95,ADI,亚德诺,USA,Semiconductors & Semiconductor Equipment,Semiconductors & Semiconductor Equipment,Semiconductors & Semiconductor Equipment,4,0,https://www.analog.com/en/corporate-responsibility.html,https://www.analog.com/media/en/company-csr/adi-2020-corporate-responsibility-report.pdf,,https://ungc-production.s3.us-west-2.amazonaws.com/attachments/cop_2022/519679/original/ADI%20ESG%20Report%20%20ADA%20Compliant.pdf?1667414740,,https://www.analog.com/media/en/company-csr/2022-esg-report.pdf,,https://www.analog.com/media/en/company-csr/2023-esg-report.pdf,,,,Li Fangling,
96,NXP Semiconductors,恩智浦半导体,Netherlands,Semiconductors & Semiconductor Equipment,Semiconductors & Semiconductor Equipment,Semiconductors & Semiconductor Equipment,4,0,https://www.nxp.com/company/about-nxp/sustainability-and-esg/esg-documentation:NXP-ESG-DOCUMENTATION,https://www.nxp.com/docs/en/supporting-information/Corporate-Sustainability-Report-2020.pdf,,https://www.nxp.com/docs/en/supporting-information/Corporate-Sustainability-Report-2021.pdf,,https://www.nxp.com/docs/en/supporting-information/Corporate-Sustainability-Report-2022.pdf,,https://www.nxp.com/docs/en/supporting-information/Corporate-Sustainability-Report-2023.pdf,,,,Li Fangling,
97,SMIC,中芯国际,China,Semiconductors & Semiconductor Equipment,Semiconductors & Semiconductor Equipment,Semiconductors & Semiconductor Equipment,4,4,https://www.smics.com/site/responsibility_report_honor,https://www.smics.com/uploads/1_&e4&b8&ad&e8&8a&af&e5&9b&bd&e9&99&85&e7&a4&be&e4&bc&9a&e8&b4&a3&e4&bb&bb&e6&8a&a5&e5&91&8a-&e8&8b&b1&e6&96&87&e6&8c&82&e7&bd&91&e7&89&887.26-5.pdf,https://www.smics.com/uploads/7-26-3&e4&b8&ad&e8&8a&af&e5&9b&bd&e9&99&85&e7&a4&be&e4&bc&9a&e8&b4&a3&e4&bb&bb&e6&8a&a5&e5&91&8a.pdf,https://www.smics.com/uploads/6295e303/e_ESG%20report.pdf,https://www.smics.com/uploads/629ef3f0/SMICesgreport-cn.pdf,https://www.smics.com/uploads/e_SMIC%202022%20ESG%20report.pdf,https://www.smics.com/uploads/CN_2022%20SMIC%20ESG%20Report.pdf,https://www.smics.com/uploads/e_SMIC%202023%20ESG%20report.pdf,https://www.smics.com/uploads/66057025/CN_SMIC%202023%20ESG%20Report%20.pdf,,,Li Fangling,
98,GigaDevice,兆易创新,China,Semiconductors & Semiconductor Equipment,Semiconductors & Semiconductor Equipment,Semiconductors & Semiconductor Equipment,3,3,https://www.gigadevice.com/sustainability,,,https://www.gigadevice.com/Public/Uploads/uploadfile/files/esg/2021-GigaDevice-ESG-Report-en.pdf,https://www.gigadevice.com.cn/esg/2021-GigaDevice-ESG-Report-cn.pdf,https://www.gigadevice.com/Public/Uploads/uploadfile/files/esg/2022-GigaDevice-ESG-Report-en.pdf,https://www.gigadevice.com.cn/Public/Uploads/uploadfile/files/esg/2022-GigaDevice-ESG-Report-cn.pdf,https://www.gigadevice.com/Public/Uploads/uploadfile/files/esg/2023-GigaDevice-ESG-Report-en.pdf,https://www.gigadevice.com.cn/Public/Uploads/uploadfile/files/esg/2023-GigaDevice-ESG-Report-cn.pdf,,,Li Fangling,
99,TEXAS INSTRUMENTS,德州仪器,USA,Semiconductors & Semiconductor Equipment,Semiconductors & Semiconductor Equipment,Semiconductors & Semiconductor Equipment,4,1,https://www.ti.com/about-ti/citizenship-community/environmental-sustainability.html,https://www.ti.com/lit/ml/szzo015/szzo015.pdf,,https://investor.ti.com/static-files/fa8d76a4-359d-40a7-8477-fca4073e5eea,,https://investor.ti.com/static-files/677a654b-c544-4394-a09c-24a93c32aec7,,https://www.ti.com/lit/ml/szzo105/szzo105.pdf,https://www.ti.com.cn/cn/lit/ml/zhco028/zhco028.pdf?ts=1725505519515,,,Li Fangling,
100,BROADCOM,博通,USA,Semiconductors & Semiconductor Equipment,Semiconductors & Semiconductor Equipment,Semiconductors & Semiconductor Equipment,3,0,https://www.broadcom.com/company/citizenship,,,https://docs.broadcom.com/doc/environment-social-governance-report-2021,,https://docs.broadcom.com/doc/environment-social-governance-report-2022,,https://docs.broadcom.com/doc/environment-social-governance-report,,,,Li Fangling,
,,,,,,,350,122,,,,,,,,,,,,,
